{
  "features": [
    "Age",
    "Gender",
    "Diabetes",
    "Hypertension",
    "LSM",
    "Platelets",
    "Albumin",
    "Bilirubin",
    "INR",
    "Creatinin",
    "ALT",
    "Cholesterol",
    "Triglycerides",
    "HDL",
    "Glucose"
  ],
  "feature_units": {
    "Age": "years",
    "Gender": "1=M, 2=F",
    "Diabetes": "0=no, 1=yes",
    "Hypertension": "0=no, 1=yes",
    "LSM": "kPa",
    "Platelets": "\u00d710\u2079/L",
    "Albumin": "g/dL",
    "Bilirubin": "mg/dL",
    "INR": "\u2014",
    "Creatinin": "mg/dL",
    "ALT": "U/L",
    "Cholesterol": "mg/dL",
    "Triglycerides": "mg/dL",
    "HDL": "mg/dL",
    "Glucose": "mg/dL"
  },
  "mean": {
    "Age": 60.2867619933182,
    "Gender": 1.4456481135599553,
    "Diabetes": 0.5891588785046729,
    "Hypertension": 0.5776862598277799,
    "LSM": 18.9840753968254,
    "Platelets": 194.2748355263158,
    "Albumin": 4.18097311827957,
    "Bilirubin": 0.8327914438760272,
    "INR": 1.0883982683982683,
    "Creatinin": 0.8603735205217212,
    "ALT": 65.09442145942259,
    "Cholesterol": 184.51611824552404,
    "Triglycerides": 173.60558193478136,
    "HDL": 46.63142239526374,
    "Glucose": 128.13079078071206
  },
  "sd": {
    "Age": 12.424120505474736,
    "Gender": 0.4971299543638211,
    "Diabetes": 0.4928378613908255,
    "Hypertension": 0.4962896418890313,
    "LSM": 11.98750871378331,
    "Platelets": 79.71645055232152,
    "Albumin": 1.0566686614135599,
    "Bilirubin": 0.7633280953699929,
    "INR": 0.251414942254549,
    "Creatinin": 1.1282173884096949,
    "ALT": 64.22215600663894,
    "Cholesterol": 49.846109559979205,
    "Triglycerides": 120.00165280871629,
    "HDL": 14.418912280312439,
    "Glucose": 50.11668260985461
  },
  "prototypes_z": {
    "Metabolic": {
      "Age": 0.21701459795426645,
      "Gender": 0.11012516737484083,
      "Diabetes": 0.6044319205524628,
      "Hypertension": 0.35238073772210154,
      "LSM": -0.22817162414976266,
      "Platelets": 0.18320295185776397,
      "Albumin": 0.08780832313129149,
      "Bilirubin": -0.19535371439319835,
      "INR": -0.19025145412470282,
      "Creatinin": 0.03158867995228852,
      "ALT": -0.15645977036957773,
      "Cholesterol": -0.22078180232964387,
      "Triglycerides": -0.03781926310850452,
      "HDL": -0.11842743235674562,
      "Glucose": 0.1469523842901118
    },
    "Non-metabolic": {
      "Age": -0.6980481545141959,
      "Gender": -0.0024212363486549116,
      "Diabetes": -1.1416023927903036,
      "Hypertension": -0.7449270340776727,
      "LSM": -0.4038719111504266,
      "Platelets": 0.3259448243575556,
      "Albumin": 0.13689775300086363,
      "Bilirubin": -0.0938824567944859,
      "INR": -0.2833836101269688,
      "Creatinin": -0.07551217202010396,
      "ALT": 0.17505394183720113,
      "Cholesterol": 0.48407025984626534,
      "Triglycerides": -0.26350464692056497,
      "HDL": 0.39005825275302664,
      "Glucose": -0.5065024722948951
    },
    "Liver": {
      "Age": 0.5642303669481703,
      "Gender": -0.11306735627608058,
      "Diabetes": -0.20606284678078793,
      "Hypertension": 0.10281619270780229,
      "LSM": 1.0618654745636082,
      "Platelets": -0.8120728916313215,
      "Albumin": -0.3696968080802734,
      "Bilirubin": 0.5496138897877093,
      "INR": 0.7606941657280096,
      "Creatinin": 0.029993701442548818,
      "ALT": -0.2769861046178671,
      "Cholesterol": -0.3324685697694642,
      "Triglycerides": -0.31462193884034945,
      "HDL": 0.10616580079943834,
      "Glucose": -0.06547122175135771
    },
    "Dyslipidemic": {
      "Age": -0.974915725405908,
      "Gender": -0.34601872458895616,
      "Diabetes": 0.23802713301249873,
      "Hypertension": -0.3033522538628414,
      "LSM": -0.3242695624192579,
      "Platelets": 0.4953230872452958,
      "Albumin": 0.17340263377010376,
      "Bilirubin": -0.1352629750695244,
      "INR": -0.34792447943835786,
      "Creatinin": -0.08149402300975137,
      "ALT": 1.4250275494227502,
      "Cholesterol": 1.0234926748570332,
      "Triglycerides": 1.8047828443867158,
      "HDL": -0.5839066665462292,
      "Glucose": 0.6134131990673043
    }
  },
  "prototypes_native": {
    "Metabolic": {
      "Age": 62.98297750974916,
      "Gender": 1.500394632991318,
      "Diabetes": 0.8870458135860979,
      "Hypertension": 0.7525691699604743,
      "LSM": 16.248866064092027,
      "Platelets": 208.87912457912458,
      "Albumin": 4.2737574215436815,
      "Bilirubin": 0.6836724651448135,
      "INR": 1.040566210045662,
      "Creatinin": 0.8960124185208019,
      "ALT": 55.04623767798467,
      "Cholesterol": 173.51100433775093,
      "Triglycerides": 169.0672078537531,
      "HDL": 44.92382763652919,
      "Glucose": 135.49555678294098
    },
    "Non-metabolic": {
      "Age": 51.61412760300958,
      "Gender": 1.4444444444444444,
      "Diabetes": 0.026533996683250415,
      "Hypertension": 0.2079866888519135,
      "LSM": 14.142657342657344,
      "Platelets": 220.258,
      "Albumin": 4.325628683693516,
      "Bilirubin": 0.7611283269424367,
      "INR": 1.0171513944223107,
      "Creatinin": 0.7751793750120559,
      "ALT": 76.33676302166843,
      "Cholesterol": 208.6451374525486,
      "Triglycerides": 141.98458878153633,
      "HDL": 52.25563812592157,
      "Glucose": 102.74656713560213
    },
    "Liver": {
      "Age": 67.2968280651305,
      "Gender": 1.3894389438943895,
      "Diabetes": 0.48760330578512395,
      "Hypertension": 0.6287128712871287,
      "LSM": 31.713197026022307,
      "Platelets": 129.5392670157068,
      "Albumin": 3.7903260869565223,
      "Bilirubin": 1.2523271675565726,
      "INR": 1.279648148148148,
      "Creatinin": 0.8942129360319738,
      "ALT": 47.30577663698271,
      "Cholesterol": 167.94385349154575,
      "Triglycerides": 135.85042926405657,
      "HDL": 48.16221776415996,
      "Glucose": 124.84959034011986
    },
    "Dyslipidemic": {
      "Age": 48.17429153819288,
      "Gender": 1.2736318407960199,
      "Diabetes": 0.7064676616915423,
      "Hypertension": 0.4271356783919598,
      "LSM": 15.096891191709844,
      "Platelets": 233.76023391812865,
      "Albumin": 4.364202247191011,
      "Bilirubin": 0.7295414147421283,
      "INR": 1.0009248554913295,
      "Creatinin": 0.7684305467106599,
      "ALT": 156.61276305220883,
      "Cholesterol": 235.5332462502839,
      "Triglycerides": 390.18250622200344,
      "HDL": 38.21212339044401,
      "Glucose": 158.8730253870637
    }
  },
  "cluster_sizes": {
    "Metabolic": 1245,
    "Non-metabolic": 598,
    "Liver": 596,
    "Dyslipidemic": 200
  },
  "cif_5y": {
    "Metabolic": {
      "Decompensation": 4.4,
      "HCC": 4.5,
      "Liver event": 8.2,
      "CV event": 11.8,
      "EHC event": 10.6,
      "Overall death": 7.1
    },
    "Non-metabolic": {
      "Decompensation": 1.4,
      "HCC": 0.9,
      "Liver event": 1.5,
      "CV event": 4.9,
      "EHC event": 8.5,
      "Overall death": 1.8
    },
    "Liver": {
      "Decompensation": 28.5,
      "HCC": 12.1,
      "Liver event": 38.2,
      "CV event": 13.2,
      "EHC event": 11.7,
      "Overall death": 23.8
    },
    "Dyslipidemic": {
      "Decompensation": 3.2,
      "HCC": 0.0,
      "Liver event": 2.0,
      "CV event": 6.7,
      "EHC event": 9.0,
      "Overall death": 3.3
    }
  }
}